{"cameraMode":{"drawMode":0,"name":"Shaded","section":"Shading Mode"},"sceneLighting":false,"audioPlay":false,"sceneViewState":{"m_AlwaysRefresh":false,"showFog":true,"showSkybox":false,"showFlares":true,"showImageEffects":true,"showParticleSystems":true,"showVisualEffectGraphs":true,"m_FxEnabled":true},"in2DMode":false,"pivot":{"x":-1.1860570907592774,"y":0.4180176854133606,"z":-0.16844892501831056},"rotation":{"x":-0.09027771651744843,"y":-0.8629487156867981,"z":0.4691760540008545,"w":-0.16584059596061707},"size":2.7559797763824465,"orthographic":false}